timestamp,position_x,position_y,angle,speed,acceleration,steering_angle
163.116347123,0,0,0,0,0,0
163.124611967,-1.0842840418391614e-05,0.0016529332371823947,1.5773559897350193,0.2,0.2,0.7853981633974483
163.132800352,-3.222806977533384e-05,0.003290470604176382,1.583854968496634,0.2,0.0,0.7853981633974483
163.141383738,-6.633813362807936e-05,0.005006808890337478,1.5906674526820568,0.2,0.0,0.7853981633974483
163.150070196,-0.00011283191520497744,0.006743478240474405,1.5975617433212463,0.2,0.0,0.7853981633974483
163.158152279,-0.00016645481849164866,0.008359005154209335,1.6039763520342671,0.2,0.0,0.7853981633974483
163.166354363,-0.00023154566635821225,0.009998130060752137,1.6104862034539225,0.2,0.0,0.7853981633974483
163.174296602,-0.00030457817491337156,0.011584898054508994,1.616789820416305,0.2,0.0,0.7853981633974483
163.182303529,-0.0003883699399993654,0.013184089768918132,1.6231447791192368,0.2,0.0,0.7853981633974483
163.190416446,-0.0004837026825012016,0.014803870173221793,1.6295838602417911,0.2,0.0,0.7853981633974483
163.198337904,-0.0005867271656950206,0.01638480844832687,1.6358709836859064,0.2,0.0,0.7853981633974483
163.206361081,-0.0007012688555445634,0.017985350534067704,1.64223883973123,0.2,0.0,0.7853981633974483
163.21441629,-0.0008265389912378501,0.0195915146210915,1.6486321190178341,0.2,0.0,0.7853981633974483
163.222698425,-0.0009661906617296609,0.021242044177706285,1.6552055055239356,0.2,0.0,0.7853981633974483
163.230896238,-0.0011150472812369618,0.022874835415481,1.6617119671251768,0.2,0.0,0.7853981633974483
163.238855821,-0.0012695903605378432,0.02445923274506052,1.6680293497186998,0.2,0.0,0.7853981633974483
163.24711655,-0.001440757918216209,0.026102487871830546,1.6745857466548943,0.2,0.0,0.7853981633974483
163.255328321,-0.0016215538527364947,0.02773486042377205,1.6811032864779858,0.2,0.0,0.7853981633974483
163.263315717,-0.0018074717954685458,0.029321483981206414,1.687442743765908,0.2,0.0,0.7853981633974483
163.271478113,-0.002007962957438674,0.03094160485089398,1.6939210955102073,0.2,0.0,0.7853981633974483
163.27975879,-0.0022221570622918386,0.03258383058098444,1.7004933248270553,0.2,0.0,0.7853981633974483
163.287796133,-0.002440220689451042,0.03417643962105171,1.7068724241802027,0.2,0.0,0.7853981633974483
163.295921967,-0.0026710648888960834,0.035785127932504025,1.7133217573009976,0.2,0.0,0.7853981633974483
163.304141081,-0.002915168537994776,0.03741072530156728,1.7198451251354734,0.2,0.0,0.7853981633974483
163.312494571,-0.0031742115054770427,0.039061218727242025,1.7264751448640554,0.2,0.0,0.7853981633974483
163.320552956,-0.0034342813470423883,0.040651774111325215,1.7328709448866277,0.2,0.0,0.7853981633974483
163.328905092,-0.00371475352212649,0.04229848671208844,1.7394998899689769,0.2,0.0,0.7853981633974483
163.33741004,-0.004011669729695238,0.04397336174772182,1.7462501192779958,0.2,0.0,0.7853981633974483
163.345260508,-0.004295364721007919,0.04551761271976512,1.7524808991937644,0.2,0.0,0.7853981633974483
163.353270508,-0.004594835777302786,0.04709137289414047,1.7588382968833634,0.2,0.0,0.7853981633974483
163.361530665,-0.004914292480464725,0.04871222302952858,1.7653942398331024,0.2,0.0,0.7853981633974483
163.369837071,-0.005246276304799966,0.050339995116110405,1.771986889809782,0.2,0.0,0.7853981633974483
163.378060821,-0.005585468345934977,0.05194938982273793,1.7785139371568055,0.2,0.0,0.7853981633974483
163.386472956,-0.005943413965497034,0.05359329844056775,1.7851905024019492,0.2,0.0,0.7853981633974483
163.394804258,-0.006308677967360838,0.05521903086921105,1.791802911900824,0.2,0.0,0.7853981633974483
163.403085248,-0.006682348817890584,0.056832524566338596,1.7983753896403405,0.2,0.0,0.7853981633974483
163.411102904,-0.007054070533191257,0.05839237560914451,1.8047388637639699,0.2,0.0,0.7853981633974483
163.419057019,-0.00743260825472738,0.05993750570422221,1.8110519065010284,0.2,0.0,0.7853981633974483
163.427197852,-0.007830241568490517,0.061516370557571136,1.8175131440672607,0.2,0.0,0.7853981633974483
163.435077436,-0.008224663943611432,0.06304213094194429,1.823767032845848,0.2,0.0,0.7853981633974483
163.442751915,-0.008617863999754073,0.06452580841117685,1.82985813335314,0.2,0.0,0.7853981633974483
163.450525613,-0.009025412291119582,0.06602618156943099,1.8360279822551029,0.2,0.0,0.7853981633974483
163.458276863,-0.009440979652645896,0.06751969381596325,1.8421800145698974,0.2,0.0,0.7853981633974483
163.466005769,-0.009864476472844257,0.06900633094772898,1.8483143128404766,0.2,0.0,0.7853981633974483
163.473799363,-0.01030078233878106,0.07050274048018833,1.854499952851628,0.2,0.0,0.7853981633974483
163.48164905,-0.0107496098195517,0.07200715310058486,1.8607301129012705,0.2,0.0,0.7853981633974483
163.489376446,-0.011200519577709766,0.07348539068217817,1.8668632127111309,0.2,0.0,0.7853981633974483
163.49727681,-0.011670989847457366,0.07499379638973155,1.8731335942143108,0.2,0.0,0.7853981633974483
163.505040925,-0.0121424724499068,0.07647331098071254,1.8792958372558581,0.2,0.0,0.7853981633974483
163.51291655,-0.012630098083111836,0.07797105595482011,1.8855465838450027,0.2,0.0,0.7853981633974483
163.520706863,-0.013121592573418338,0.07944956609394965,1.8917296197834907,0.2,0.0,0.7853981633974483
163.528539206,-0.013624969737935958,0.08093295252540963,1.8979460142020155,0.2,0.0,0.7853981633974483
163.536399727,-0.014139435768291101,0.0824184949580809,1.9041847730090504,0.2,0.0,0.7853981633974483
163.544098581,-0.014652201970116895,0.08387037819677037,1.9102952195298961,0.2,0.0,0.7853981633974483
163.551829831,-0.015176062564170924,0.08532518373033876,1.9164313781925268,0.2,0.0,0.7853981633974483
163.559665196,-0.015716136515559143,0.08679625066095895,1.9226501711198825,0.2,0.0,0.7853981633974483
163.567335821,-0.016253613076642262,0.08823314260606584,1.9287382127744044,0.2,0.0,0.7853981633974483
163.575129206,-0.01680871095918049,0.0896896247827982,1.9349236869058852,0.2,0.0,0.7853981633974483
163.583053529,-0.01738243821239667,0.09116699841165739,1.9412130842506716,0.2,0.0,0.7853981633974483
163.590781654,-0.017950787370255857,0.0926043347937843,1.9473467626551475,0.2,0.0,0.7853981633974483
163.59864129,-0.018537915695078525,0.09406249646255661,1.9535848190530585,0.2,0.0,0.7853981633974483
163.60634181,-0.01912187851030626,0.09548759567357884,1.959696587849154,0.2,0.0,0.7853981633974483
163.614064623,-0.019716281221124503,0.09691320397977043,1.965826050211606,0.2,0.0,0.7853981633974483
163.62187681,-0.020326492809002738,0.09835155457922319,1.9720264471634812,0.2,0.0,0.7853981633974483
163.629700508,-0.020946536330208525,0.09978820208213582,1.9782359801958536,0.2,0.0,0.7853981633974483
163.637533581,-0.02157625308665536,0.101222683908993,1.9844529540026679,0.2,0.0,0.7853981633974483
163.64525879,-0.0222059609232529,0.10263357802418202,1.9905843180286593,0.2,0.0,0.7853981633974483
163.652998685,-0.0228455375340358,0.10404325200896426,1.9967273380774198,0.2,0.0,0.7853981633974483
163.660844258,-0.023502731830930875,0.1054681085926456,2.002954232916831,0.2,0.0,0.7853981633974483
163.668463894,-0.02414935728116228,0.10684804686591085,2.0090018054888668,0.2,0.0,0.7853981633974483
163.676521029,-0.02484242729684273,0.10830281520818895,2.015396613408182,0.2,0.0,0.7853981633974483
163.684384415,-0.025527678835803643,0.1097183518215443,2.021637646115888,0.2,0.0,0.7853981633974483
163.692081862,-0.026206922601908933,0.11109989281583957,2.027746975925316,0.2,0.0,0.7853981633974483
163.699891237,-0.026904717441491952,0.11249722451499777,2.033945141041682,0.2,0.0,0.7853981633974483
163.707665925,-0.027607983721653552,0.11388403649903571,2.0401157756894186,0.2,0.0,0.7853981633974483
163.715353217,-0.028311697724761817,0.11525099111919272,2.046217045651976,0.2,0.0,0.7853981633974483
163.723217071,-0.02904028825142018,0.1166448217523013,2.0524584498031393,0.2,0.0,0.7853981633974483
163.731065144,-0.029776067077189293,0.11803129912755674,2.058687328849088,0.2,0.0,0.7853981633974483
163.738929987,-0.030522076863225795,0.11941610944515238,2.0649295179523506,0.2,0.0,0.7853981633974483
163.746658529,-0.03126349137293388,0.12077239812483011,2.0710635273224702,0.2,0.0,0.7853981633974483
163.754325352,-0.032007158529778194,0.12211335530399747,2.0771485513957098,0.2,0.0,0.7853981633974483
163.762161862,-0.032775795190948,0.12347923715917836,2.0833682530896507,0.2,0.0,0.7853981633974483
163.769882383,-0.03354128666940413,0.1248202370014136,2.089495896331584,0.2,0.0,0.7853981633974483
163.777662019,-0.034320968142992334,0.1261667162071317,2.0956704581208623,0.2,0.0,0.7853981633974483
163.785498529,-0.03511477025313177,0.12751812797604037,2.101890159814803,0.2,0.0,0.7853981633974483
163.793181081,-0.035901040969434146,0.12883821985541732,2.107987667721792,0.2,0.0,0.7853981633974483
163.80101306,-0.03671095468597615,0.1301789791828196,2.1142037732398347,0.2,0.0,0.7853981633974483
163.808730404,-0.037517090960021704,0.13149520114139357,2.120328894952103,0.2,0.0,0.7853981633974483
163.816405612,-0.038326785102302675,0.132799328477853,2.126420574054033,0.2,0.0,0.7853981633974483
163.824281602,-0.03916600980938861,0.13413235159476505,2.1326716103373338,0.2,0.0,0.7853981633974483
163.832105248,-0.04000786327063113,0.13545131339069444,2.1388811020981957,0.2,0.0,0.7853981633974483
163.83990754,-0.040855548247532084,0.13676145101631704,2.145073645560661,0.2,0.0,0.7853981633974483
163.847758112,-0.04171667582687037,0.13807435562868892,2.1513045080194275,0.2,0.0,0.7853981633974483
163.855424258,-0.04256535883184189,0.13935127729300498,2.1573889947695393,0.2,0.0,0.7853981633974483
163.86328556,-0.04344379966524588,0.14065524986465763,2.1636283734427,0.2,0.0,0.7853981633974483
163.871032435,-0.04431733858937198,0.14193489537754383,2.1697769333960597,0.2,0.0,0.7853981633974483
163.878744467,-0.045194729633117485,0.14320343881752393,2.1758978390663266,0.2,0.0,0.7853981633974483
163.886609362,-0.04609756977635136,0.14449151591545467,2.1821400694410995,0.2,0.0,0.7853981633974483
163.894285352,-0.046986367290092826,0.1457432634454176,2.188232369202807,0.2,0.0,0.7853981633974483
163.902064779,-0.047894957415084025,0.1470062928839911,2.1944067651124377,0.2,0.0,0.7853981633974483
163.909815352,-0.048807901093089266,0.14825904549880758,2.2005582601041045,0.2,0.0,0.7853981633974483
163.917547019,-0.049726269380359386,0.14950313017152608,2.206694749732379,0.2,0.0,0.7853981633974483
163.925524102,-0.0506818958193342,0.15078067948042922,2.213026021771551,0.2,0.0,0.7853981633974483
163.9343628,-0.0517506447420526,0.15218875583972233,2.2200411426509774,0.2,0.0,0.7853981633974483
163.942489623,-0.052741646137067916,0.1534770594988064,2.2264912607238716,0.2,0.0,0.7853981633974483
163.950336237,-0.053706206229018935,0.1547149600923952,2.23271898178687,0.2,0.0,0.7853981633974483
163.958010925,-0.054656989605623395,0.15591996814492917,2.238810248173832,0.2,0.0,0.7853981633974483
163.965822592,-0.0556323284349518,0.15714045977569072,2.2450102324107393,0.2,0.0,0.7853981633974483
163.973530404,-0.056602049380672384,0.15833881528242846,2.2511277887404058,0.2,0.0,0.7853981633974483
163.981264206,-0.05758240228550622,0.1595352165182126,2.257265972881039,0.2,0.0,0.7853981633974483
163.989085977,-0.058581398915931594,0.16073904781680176,2.263473976487026,0.2,0.0,0.7853981633974483
163.996805664,-0.0595746184131717,0.1619211043828828,2.2696009577976493,0.2,0.0,0.7853981633974483
164.004607852,-0.06058583131074951,0.16310955462553736,2.2757934187171167,0.2,0.0,0.7853981633974483
164.012361237,-0.06159796761095943,0.1642843649370885,2.28194714554427,0.2,0.0,0.7853981633974483
164.020155039,-0.06262266551366025,0.16545898325501748,2.288132950641395,0.2,0.0,0.7853981633974483
164.027966862,-0.06365701255755885,0.16662992703509819,2.294333058692788,0.2,0.0,0.7853981633974483
164.035788425,-0.06469990734551072,0.16779587916609554,2.300540897212779,0.2,0.0,0.7853981633974483
164.043495196,-0.06573450412245802,0.16893841243869553,2.306657627318858,0.2,0.0,0.7853981633974483
164.051382123,-0.06680058430136648,0.170101003403852,2.31291734410883,0.2,0.0,0.7853981633974483
164.059056706,-0.0678448334338593,0.1712259534997452,2.31900852715912,0.2,0.0,0.7853981633974483
164.066850196,-0.06891230767900185,0.17236175198149753,2.3251940846272507,0.2,0.0,0.7853981633974483
164.074687331,-0.06999284362307391,0.17349721200893478,2.3314142823728314,0.2,0.0,0.7853981633974483
164.082430196,-0.07106725589472077,0.17461243243864955,2.337559659658935,0.2,0.0,0.7853981633974483
164.090310769,-0.07216785470901728,0.1757406254550774,2.3438143333896444,0.2,0.0,0.7853981633974483
164.098019779,-0.07325122546314022,0.1768376492544117,2.349932840551058,0.2,0.0,0.7853981633974483
164.105734831,-0.07434214762323521,0.17792887330799892,2.3560561431428075,0.2,0.0,0.7853981633974483
164.113601967,-0.0754615009296598,0.1790346406113174,2.3623001521602855,0.2,0.0,0.7853981633974483
164.121288894,-0.07656178504056801,0.18010838580614785,2.3684011324286867,0.2,0.0,0.7853981633974483
164.12910931,-0.07768793516372498,0.18119380837668325,2.3746080605947215,0.2,0.0,0.7853981633974483
164.136959987,-0.07882521030011846,0.18227636573705175,2.380839006390183,0.2,0.0,0.7853981633974483
164.144702852,-0.07995340757363406,0.18333714339912355,2.3869843836762867,0.2,0.0,0.7853981633974483
164.15256806,-0.08110613533907214,0.18440750715697302,2.3932268624737056,0.2,0.0,0.7853981633974483
164.160277539,-0.08224243796290434,0.1854497446563603,2.3993457418722732,0.2,0.0,0.7853981633974483
164.167981341,-0.0833842505241548,0.1864842525998698,2.4054601155346833,0.2,0.0,0.7853981633974483
164.175772696,-0.08454548751871013,0.18752335661387123,2.411643978490455,0.2,0.0,0.7853981633974483
164.183523425,-0.0857070064881174,0.1885499167363044,2.4177955972966076,0.2,0.0,0.7853981633974483
164.191469258,-0.08690437682209022,0.18959478742968344,2.424102066754299,0.2,0.0,0.7853981633974483
164.1991903,-0.08807407303654764,0.1906029492959062,2.4302301235048516,0.2,0.0,0.7853981633974483
164.206859727,-0.08924202404267591,0.19159728066301418,2.436317214327604,0.2,0.0,0.7853981633974483
164.214768581,-0.0904528491912938,0.19261507304027128,2.4425943341961247,0.2,0.0,0.7853981633974483
164.222443477,-0.09163385054779384,0.19359558155139886,2.4486857656690835,0.2,0.0,0.7853981633974483
164.2302128,-0.09283547999261539,0.19458076268827945,2.454852142209634,0.2,0.0,0.7853981633974483
164.238071602,-0.09405714060893658,0.19556968942648087,2.4610895366762575,0.2,0.0,0.7853981633974483
164.247375404,-0.09551203398616286,0.19672973879056635,2.4684738025113666,0.2,0.0,0.7853981633974483
164.258057696,-0.09719372278741581,0.19804745547888816,2.476952151884699,0.2,0.0,0.7853981633974483
164.26889681,-0.0989115389273144,0.19936978803981872,2.4855549681519573,0.2,0.0,0.7853981633974483
164.27959681,-0.10061833222352312,0.20066070114456463,2.49404737205689,0.2,0.0,0.7853981633974483
164.290254414,-0.10232917809339291,0.20193207336795008,2.5025061269940005,0.2,0.0,0.7853981633974483
164.300960769,-0.10405864053008165,0.20319461096165592,2.511003574751915,0.2,0.0,0.7853981633974483
164.311548008,-0.10577929188946637,0.20442868716885015,2.5194064822122963,0.2,0.0,0.7853981633974483
164.322256237,-0.10753015190827006,0.20566203056272975,2.527905417331434,0.2,0.0,0.7853981633974483
164.332844935,-0.1092716560252699,0.2068670137260454,2.5363094827747426,0.2,0.0,0.7853981633974483
164.343597591,-0.11105050428801223,0.20807551829794693,2.5448436788310853,0.2,0.0,0.7853981633974483
164.354228946,-0.11281930481649144,0.20925550688090255,2.553281600393419,0.2,0.0,0.7853981633974483
164.364870612,-0.11459973355028112,0.21042164398009652,2.56172770561711,0.2,0.0,0.7853981633974483
164.375433164,-0.11637656713374543,0.21156425616573354,2.5701110194349432,0.2,0.0,0.7853981633974483
164.386145821,-0.11818843920249356,0.21270774224194958,2.5786134689806777,0.2,0.0,0.7853981633974483
164.396912643,-0.12001922679047136,0.21384140667505502,2.5871589083448443,0.2,0.0,0.7853981633974483
164.407514987,-0.12183137657953724,0.21494254293990459,2.595573804381032,0.2,0.0,0.7853981633974483
164.418183841,-0.12366421131858893,0.2160351062773124,2.6040414882474594,0.2,0.0,0.7853981633974483
164.428745508,-0.1254876347451347,0.21710144552927282,2.6124240996561916,0.2,0.0,0.7853981633974483
164.439481706,-0.1273503593167701,0.21816957242718762,2.620945233284192,0.2,0.0,0.7853981633974483
164.450123216,-0.12920553142884536,0.21921264761037512,2.6293912146933964,0.2,0.0,0.7853981633974483
164.460811133,-0.1310776134920374,0.2202444283722702,2.637874028531376,0.2,0.0,0.7853981633974483
164.471403685,-0.1329415227833138,0.22125136852382757,2.646281152827478,0.2,0.0,0.7853981633974483
164.482160664,-0.1348430265667128,0.22225774183923225,2.6548187799737226,0.2,0.0,0.7853981633974483
164.492858008,-0.13674241749373472,0.2232424452730329,2.663309075857677,0.2,0.0,0.7853981633974483
164.503615508,-0.1386608745484929,0.22421634197137089,2.6718471165125632,0.2,0.0,0.7853981633974483
164.514218581,-0.14055980269894408,0.22516031133589287,2.680262591143366,0.2,0.0,0.7853981633974483
164.524887696,-0.14247853307555824,0.22609394634873153,2.6887304821609743,0.2,0.0,0.7853981633974483
164.535424675,-0.14438114510184996,0.22700013867669663,2.6970934991334845,0.2,0.0,0.7853981633974483
164.546264154,-0.14634632546208864,0.22791547378002644,2.705696605094899,0.2,0.0,0.7853981633974483
164.556896185,-0.14828140330366943,0.22879699353273855,2.714135063186664,0.2,0.0,0.7853981633974483
164.567628425,-0.15024222823384834,0.22967015137064736,2.722653055418896,0.2,0.0,0.7853981633974483
164.5782378,-0.15218780464482284,0.23051696064355695,2.731073531837496,0.2,0.0,0.7853981633974483
164.589012695,-0.15417101699054506,0.23136005214642816,2.7396253786013594,0.2,0.0,0.7853981633974483
164.599685352,-0.1561424148050649,0.23217847438126826,2.7480960808427435,0.2,0.0,0.7853981633974483
164.610419154,-0.15813204724726487,0.2329846647805892,2.756615312807204,0.2,0.0,0.7853981633974483
164.620992279,-0.16009849133352225,0.23376231286697205,2.765007018231272,0.2,0.0,0.7853981633974483
164.631701498,-0.16209686972405657,0.23453301298494858,2.7735067390961827,0.2,0.0,0.7853981633974483
164.642381914,-0.16409631723502294,0.2352847184380352,2.7819835995209212,0.2,0.0,0.7853981633974483
164.653065404,-0.16610264401538188,0.23601965462139457,2.7904628997260006,0.2,0.0,0.7853981633974483
164.663650195,-0.16809648234112887,0.23673107626243545,2.798863864251377,0.2,0.0,0.7853981633974483
164.674351758,-0.17011835323977192,0.23743319882647765,2.807357508682235,0.2,0.0,0.7853981633974483
164.684940925,-0.1721247571475043,0.2381111086060185,2.815761946362698,0.2,0.0,0.7853981633974483
164.695692539,-0.17416774038618635,0.23878200921762352,2.824295315401757,0.2,0.0,0.7853981633974483
164.706392331,-0.17620647320001293,0.23943238639092734,2.8327875542207157,0.2,0.0,0.7853981633974483
164.717037018,-0.1782401003014814,0.24006225563554262,2.841236057159586,0.2,0.0,0.7853981633974483
164.727714623,-0.1802852973612387,0.24067676269667962,2.8497106865425117,0.2,0.0,0.7853981633974483
164.738403008,-0.18233770374394054,0.24127450093084338,2.858193871823971,0.2,0.0,0.7853981633974483
164.749229935,-0.18442183946163462,0.24186209963808297,2.866787015481279,0.2,0.0,0.7853981633974483
164.759847904,-0.18647053534852695,0.24242111286729723,2.875214312808218,0.2,0.0,0.7853981633974483
164.770556706,-0.18854147433810986,0.2429673264815934,2.8837137027074853,0.2,0.0,0.7853981633974483
164.781078633,-0.19058068506615,0.2434869970679907,2.892064773169374,0.2,0.0,0.7853981633974483
164.791770925,-0.19265732033079713,0.24399747753399115,2.900551059368788,0.2,0.0,0.7853981633974483
164.802448529,-0.1947353485913122,0.24448966412028592,2.90902568795804,0.2,0.0,0.7853981633974483
164.813113633,-0.19681503108633486,0.24496368780442712,2.917490395514695,0.2,0.0,0.7853981633974483
164.823715143,-0.19888620436345306,0.2454174739075022,2.9259046296195725,0.2,0.0,0.7853981633974483
164.834449154,-0.20098710196768574,0.24585904943044665,2.9344240274637037,0.2,0.0,0.7853981633974483
164.845171654,-0.2030894244511414,0.24628227564131858,2.9429342892273374,0.2,0.0,0.7853981633974483
164.855900768,-0.20519657361469382,0.24668783438124164,2.9514498004077176,0.2,0.0,0.7853981633974483
164.866441914,-0.20727006781846327,0.24706895397752898,2.9598161246556667,0.2,0.0,0.7853981633974483
164.877144154,-0.20937846077627767,0.24743800245150382,2.9683103064096525,0.2,0.0,0.7853981633974483
164.887746862,-0.2114702481832452,0.24778602848699108,2.9767254913462993,0.2,0.0,0.7853981633974483
164.898547018,-0.21360395019851947,0.24812225831163098,2.985297387326514,0.2,0.0,0.7853981633974483
164.909110352,-0.2156935488903229,0.24843360749670287,2.99368132180417,0.2,0.0,0.7853981633974483
164.919795716,-0.2178098820384015,0.24873061618151374,3.002162109370473,0.2,0.0,0.7853981633974483
164.930389727,-0.2199105236787617,0.24900743283835589,3.01057039164948,0.2,0.0,0.7853981633974483
164.941143268,-0.22204511833664997,0.24927020918441783,3.019105290114924,0.2,0.0,0.7853981633974483
164.951974206,-0.22419727212425594,0.24951638552951483,3.027701617233184,0.2,0.0,0.7853981633974483
164.962651654,-0.22632090723920095,0.2497410847291154,3.036176122007973,0.2,0.0,0.7853981633974483
164.97321582,-0.22842380187052994,0.24994577547278843,3.0445607168295457,0.2,0.0,0.7853981633974483
164.983952747,-0.2305627813874893,0.25013559296973237,3.0530824290521386,0.2,0.0,0.7853981633974483
164.99469556,-0.23270447502756894,0.2503072600841358,3.0616088128905816,0.2,0.0,0.7853981633974483
165.005344206,-0.2348287577927903,0.25045947440248323,3.0700604580188715,0.2,0.0,0.7853981633974483
165.016077279,-0.23697111201452511,0.25059465069314873,3.078579111388717,0.2,0.0,0.7853981633974483
165.027091549,-0.23917072264754277,0.2507141446613447,3.0873209459268605,0.2,0.0,0.7853981633974483
165.037722383,-0.24129465654067195,0.25081156169796953,3.09575845398053,0.2,0.0,0.7853981633974483
165.048553685,-0.2434594152051217,0.25089220935949746,3.1043550699992726,0.2,0.0,0.7853981633974483
165.059300924,-0.24560797735235915,0.2509539065587285,3.112884966676942,0.2,0.0,0.7853981633974483
165.069923112,-0.24773197822714493,0.25099698091525635,3.121315612550785,0.2,0.0,0.7853981633974483
165.080680612,-0.24988332998605664,0.2510222367945127,3.1298536532056938,0.2,0.0,0.7853981633974483
165.091228477,-0.25199289102583794,0.25102934043776987,3.1382253102070616,0.2,0.0,0.7853981633974483
165.102102799,-0.2541677253001688,0.2510178932726695,3.1468560704515918,0.2,0.0,0.7853981633974483
165.112677747,-0.2562825176784639,0.25098901066870105,3.1552492227590463,0.2,0.0,0.7853981633974483
165.123345508,-0.2584155477723993,0.2509418131211235,3.163716039130399,0.2,0.0,0.7853981633974483
165.133959622,-0.2605373801856371,0.2508769760150316,3.172140276810871,0.2,0.0,0.7853981633974483
165.144664154,-0.2626766549891583,0.25079340850588505,3.180636277685398,0.2,0.0,0.7853981633974483
165.155355352,-0.26481247989163437,0.25069181828508497,3.189121695596018,0.2,0.0,0.7853981633974483
165.166049206,-0.2669478959917186,0.2505720743314076,3.1976092215276615,0.2,0.0,0.7853981633974483
165.17657582,-0.26904885841435966,0.2504366454169844,3.2059640119799564,0.2,0.0,0.7853981633974483
165.187243008,-0.2711766392170197,0.25028138805351113,3.214430373571157,0.2,0.0,0.7853981633974483
165.197947227,-0.2733104059356038,0.25010745770350656,3.2229261260230158,0.2,0.0,0.7853981633974483
165.208650768,-0.27544248304800195,0.24991541920643437,3.231421340358095,0.2,0.0,0.7853981633974483
165.219197851,-0.27754173707066093,0.24970860784144996,3.239792376699663,0.2,0.0,0.7853981633974483
165.229922747,-0.27967451495898127,0.24948014723757278,3.2483045401268136,0.2,0.0,0.7853981633974483
165.240562643,-0.2817884001363023,0.24923563766158885,3.2567492405323017,0.2,0.0,0.7853981633974483
165.25143582,-0.2839463957416946,0.24896713423507957,3.265379092010247,0.2,0.0,0.7853981633974483
165.262154049,-0.2860713103544168,0.24868437072171565,3.273885963955444,0.2,0.0,0.7853981633974483
165.272880508,-0.2881953704215454,0.24838329641467152,3.2823993679084973,0.2,0.0,0.7853981633974483
165.28348332,-0.29029236710543743,0.24806803493583018,3.2908146353881422,0.2,0.0,0.7853981633974483
165.294213581,-0.2924117762215723,0.24773092213039735,3.299331056922501,0.2,0.0,0.7853981633974483
165.304963997,-0.2945322072446153,0.2473750709769342,3.30786347512979,0.2,0.0,0.7853981633974483
165.315641601,-0.2966352058272146,0.24700379473363604,3.3163381037190645,0.2,0.0,0.7853981633974483
165.32634306,-0.2987396662616839,0.24661380079920728,3.324831665606925,0.2,0.0,0.7853981633974483
165.336967851,-0.30082571040638006,0.24620899568791987,3.3332643774366066,0.2,0.0,0.7853981633974483
165.347731133,-0.30293536527721926,0.24578087665960555,3.3418070071643453,0.2,0.0,0.7853981633974483
165.35843556,-0.3050297912331864,0.24533728877551658,3.3503029247022003,0.2,0.0,0.7853981633974483
165.369111029,-0.3071147280182303,0.24487721906647866,3.3587758587790932,0.2,0.0,0.7853981633974483
165.379655872,-0.30917027792018814,0.2444055590656946,3.36714511727163,0.2,0.0,0.7853981633974483
165.39030931,-0.31124289333860017,0.2439114993768441,3.3756005657269763,0.2,0.0,0.7853981633974483
165.401006029,-0.3133196425766069,0.24339778301829137,3.384090365559291,0.2,0.0,0.7853981633974483
165.411708372,-0.3153930428601908,0.2428661655885427,3.3925846290625783,0.2,0.0,0.7853981633974483
165.422272956,-0.31743528254439674,0.24232424818156684,3.4009695556434916,0.2,0.0,0.7853981633974483
165.43294431,-0.3194934517545043,0.24175940187476608,3.4094392237164564,0.2,0.0,0.7853981633974483
165.443508737,-0.32152623786493606,0.24118315076391122,3.417824025689187,0.2,0.0,0.7853981633974483
165.454362591,-0.323609537393053,0.2405731434342143,3.426438540838096,0.2,0.0,0.7853981633974483
165.464957278,-0.3256380133534734,0.23996062324424322,3.4348473596465565,0.2,0.0,0.7853981633974483
165.475662487,-0.32768231752460464,0.2393243210792104,3.443343897844189,0.2,0.0,0.7853981633974483
165.486249726,-0.3296987345494267,0.23867806449878187,3.4517468053045923,0.2,0.0,0.7853981633974483
165.496989466,-0.33173853425949035,0.2380050877135057,3.4602707501563685,0.2,0.0,0.7853981633974483
165.507686289,-0.3337644189282014,0.23731757611301785,3.4687606325316582,0.2,0.0,0.7853981633974483
165.518474362,-0.3358015738245507,0.2366067310592784,3.4773229384449427,0.2,0.0,0.7853981633974483
165.529036966,-0.3377902477692712,0.23589404594506388,3.4857062935342866,0.2,0.0,0.7853981633974483
165.539701289,-0.3397919106873578,0.23515752916706198,3.4941703812248157,0.2,0.0,0.7853981633974483
165.550447643,-0.3418025670833625,0.23439817033952717,3.5026995754933834,0.2,0.0,0.7853981633974483
165.561145091,-0.34379758313897346,0.23362530121325814,3.5111899539202907,0.2,0.0,0.7853981633974483
165.571721393,-0.3457635225387366,0.23284465479120103,3.5195841808740007,0.2,0.0,0.7853981633974483
165.582433945,-0.34774799355865815,0.23203704994649002,3.5280865470830403,0.2,0.0,0.7853981633974483
165.593014101,-0.3497011716837904,0.23122299635434695,3.5364838328895205,0.2,0.0,0.7853981633974483
165.603794206,-0.3516840925199307,0.23037656176735902,3.5450398147397806,0.2,0.0,0.7853981633974483
165.614403008,-0.35362842059627997,0.22952717638572462,3.5534598363782512,0.2,0.0,0.7853981633974483
165.625024466,-0.35556783019860394,0.2286603977540969,3.5618899028638045,0.2,0.0,0.7853981633974483
165.63562556,-0.3574961740252985,0.22777902504865047,3.570303806796712,0.2,0.0,0.7853981633974483
165.646358633,-0.3594408525647585,0.22687008081542895,3.5788224601665575,0.2,0.0,0.7853981633974483
165.657181237,-0.36139380789362613,0.22593674498247376,3.587412172733963,0.2,0.0,0.7853981633974483
165.667775247,-0.36329776360994254,0.22500708130914085,3.5958204542192957,0.2,0.0,0.7853981633974483
165.678488893,-0.36521515637811686,0.22405058070951492,3.604323688717107,0.2,0.0,0.7853981633974483
165.689068945,-0.36710064174326007,0.22309014073183053,3.6127208919805893,0.2,0.0,0.7853981633974483
165.699744414,-0.36899485217364664,0.2221049542620603,3.6211938260574823,0.2,0.0,0.7853981633974483
165.710507643,-0.3708960795622414,0.22109539081328297,3.6297364137200363,0.2,0.0,0.7853981633974483
165.721200768,-0.37277634348336874,0.22007640873418527,3.6382233610570416,0.2,0.0,0.7853981633974483
165.73175983,-0.37462453629490283,0.21905467738779993,3.6466039049225865,0.2,0.0,0.7853981633974483
165.74243207,-0.37648372496850624,0.2180062091047005,3.6550742761983495,0.2,0.0,0.7853981633974483
165.753130508,-0.37833848589000724,0.2169393797136265,3.6635654403710527,0.2,0.0,0.7853981633974483
165.763953216,-0.38020545178732074,0.21584408127192012,3.672155235481456,0.2,0.0,0.7853981633974483
165.774505403,-0.3820167439291306,0.21476095302635628,3.680530322779074,0.2,0.0,0.7853981633974483
165.785169153,-0.3838378563884165,0.21365092060650237,3.6889939556894737,0.2,0.0,0.7853981633974483
165.795723528,-0.3856310239188097,0.2125372135204304,3.697370779564635,0.2,0.0,0.7853981633974483
165.806507747,-0.3874534344123185,0.21138361256222998,3.705930026625149,0.2,0.0,0.7853981633974483
165.817076133,-0.3892298261850302,0.21023815912553678,3.7143179707873224,0.2,0.0,0.7853981633974483
165.82778957,-0.39102066038906885,0.20906171441890678,3.722821039405463,0.2,0.0,0.7853981633974483
165.838416237,-0.39278708524262296,0.20787985770259165,3.7312552401837165,0.2,0.0,0.7853981633974483
165.849098112,-0.39455255153358476,0.2066768502561819,3.739733258591405,0.2,0.0,0.7853981633974483
165.859825299,-0.3963151568822535,0.20545368876964326,3.7482472403453997,0.2,0.0,0.7853981633974483
165.870588268,-0.3980730936800265,0.204211385150215,3.7567896216504924,0.2,0.0,0.7853981633974483
165.881137278,-0.3997858293641576,0.20297939450272104,3.7651621874184675,0.2,0.0,0.7853981633974483
165.891789414,-0.40150472930308206,0.201720782944517,3.773616602499046,0.2,0.0,0.7853981633974483
165.90240483,-0.4032070755956145,0.20045212247992075,3.782041873554286,0.2,0.0,0.7853981633974483
165.913128841,-0.4049158659971303,0.19915589262344516,3.790553334572335,0.2,0.0,0.7853981633974483
165.923680403,-0.4065864382823725,0.1978664715652313,3.7989279258183126,0.2,0.0,0.7853981633974483
165.934368528,-0.40826749140533813,0.1965460545710988,3.807410904742288,0.2,0.0,0.7853981633974483
165.944948685,-0.40992052861599315,0.19522504856581582,3.8158081913424655,0.2,0.0,0.7853981633974483
165.955730716,-0.4115935247373986,0.19386447086603054,3.824365701825414,0.2,0.0,0.7853981633974483
165.966486132,-0.4132507447251537,0.1924930552304544,3.8329020884457554,0.2,0.0,0.7853981633974483
165.977078112,-0.41487137072362906,0.19112880709104918,3.841308758755379,0.2,0.0,0.7853981633974483
165.987727487,-0.4164891269670891,0.18974344350975253,3.849760982478307,0.2,0.0,0.7853981633974483
165.998328476,-0.41808787274421544,0.18835087370853795,3.8581748030745646,0.2,0.0,0.7853981633974483
166.009062851,-0.4196946624513436,0.1869270411682824,3.866694489819155,0.2,0.0,0.7853981633974483
166.019691028,-0.4212736075332239,0.1855039254730067,3.8751298890581496,0.2,0.0,0.7853981633974483
166.030419049,-0.4228550968746531,0.18405392242267066,3.8836445327434324,0.2,0.0,0.7853981633974483
166.040973789,-0.42439903660758266,0.18261435597412154,3.8920216463127497,0.2,0.0,0.7853981633974483
166.051694674,-0.4259547812281827,0.1811388378675524,3.90053062627897,0.2,0.0,0.7853981633974483
166.062396185,-0.42749514873872846,0.17965284949620272,3.9090242294383404,0.2,0.0,0.7853981633974483
166.073207851,-0.429038432173591,0.17813826667988109,3.917605260705378,0.2,0.0,0.7853981633974483
166.083803216,-0.4305383050952663,0.17664131925323096,3.9260146176306407,0.2,0.0,0.7853981633974483
166.094483007,-0.4320372853705526,0.1751196834339723,3.9344909820037617,0.2,0.0,0.7853981633974483
166.108152851,-0.43393469603170853,0.17315132925286156,3.94534049943979,0.2,0.0,0.7853981633974483
166.118766862,-0.4353950218794874,0.17161063538364718,3.9537646553709607,0.2,0.0,0.7853981633974483
166.129216497,-0.4368201026442228,0.17008193015395154,3.962058348929757,0.2,0.0,0.7853981633974483
166.139880195,-0.4382611211821428,0.1685096567124724,3.970521940568669,0.2,0.0,0.7853981633974483
166.150569518,-0.4396921795702728,0.16692140706657194,3.979005870324414,0.2,0.0,0.7853981633974483
166.161216705,-0.4411041775887713,0.16532742926363178,3.9874563574697763,0.2,0.0,0.7853981633974483
166.171872903,-0.44250382753777917,0.16372020735833426,3.9959139964891435,0.2,0.0,0.7853981633974483
166.182538893,-0.44389109529689,0.1620997068579588,4.004379407248574,0.2,0.0,0.7853981633974483
166.193073737,-0.4452478749367976,0.16048773088639146,4.012740729708725,0.2,0.0,0.7853981633974483
166.203693737,-0.44660187634173865,0.1588512541235157,4.0211696390050475,0.2,0.0,0.7853981633974483
166.214471393,-0.44796172177134863,0.1571787903236887,4.029723677126584,0.2,0.0,0.7853981633974483
166.225020872,-0.4492790240420743,0.15553064742503245,4.038096615131691,0.2,0.0,0.7853981633974483
166.235680091,-0.4505958935733246,0.15385415924276602,4.046556651866215,0.2,0.0,0.7853981633974483
166.246322539,-0.45189650587773983,0.1521692629222434,4.055003377749705,0.2,0.0,0.7853981633974483
166.257093893,-0.453198245132649,0.1504527671919987,4.0635524140834445,0.2,0.0,0.7853981633974483
166.267714934,-0.45446750564695954,0.14874946503918915,4.071982149603354,0.2,0.0,0.7853981633974483
166.278381809,-0.4557277154347826,0.14702808182174495,4.080448262771909,0.2,0.0,0.7853981633974483
166.288887122,-0.4569546596230102,0.14532248163175265,4.0887861469909685,0.2,0.0,0.7853981633974483
166.29950082,-0.4581797025274389,0.1435889034559252,4.097210054499471,0.2,0.0,0.7853981633974483
166.310143789,-0.459393396104484,0.14184022982530103,4.105657193891604,0.2,0.0,0.7853981633974483
166.320798476,-0.46059357886657215,0.14007941877913388,4.114113633656533,0.2,0.0,0.7853981633974483
166.331305299,-0.46176258493262823,0.13833323494010968,4.122452716336334,0.2,0.0,0.7853981633974483
166.341972278,-0.4629343589790314,0.13655044969684138,4.130918912047864,0.2,0.0,0.7853981633974483
166.352573841,-0.46408399713465986,0.1347688611829411,4.1393331882179485,0.2,0.0,0.7853981633974483
166.363234309,-0.46522482395036097,0.13296765678150962,4.147794216262033,0.2,0.0,0.7853981633974483
166.373737643,-0.4663340021538572,0.13118369357631046,4.156130529783198,0.2,0.0,0.7853981633974483
166.384422799,-0.46744694980373946,0.12935934441061064,4.164611152263505,0.2,0.0,0.7853981633974483
166.394908893,-0.4685242253193143,0.12755995446992824,4.172933782696527,0.2,0.0,0.7853981633974483
166.405554986,-0.46960246312155973,0.1257239329318227,4.181383401553117,0.2,0.0,0.7853981633974483
166.416268528,-0.47067178224965295,0.12386711956217124,4.189886553507931,0.2,0.0,0.7853981633974483
166.426958528,-0.4717229939811111,0.12200540049215715,4.198371020586804,0.2,0.0,0.7853981633974483
166.437465195,-0.4727408831855404,0.12016705786210934,4.206709979452097,0.2,0.0,0.7853981633974483
166.448115143,-0.4737568660014502,0.11829499092583513,4.215162657955155,0.2,0.0,0.7853981633974483
166.458693997,-0.4747504177905944,0.1164270131635385,4.22355891038689,0.2,0.0,0.7853981633974483
166.469428893,-0.47574243832171115,0.1145229609186992,4.232079010640122,0.2,0.0,0.7853981633974483
166.479931184,-0.47669740279684436,0.11265214091100839,4.240414496350329,0.2,0.0,0.7853981633974483
166.490635455,-0.4776544984354467,0.1107371410039042,4.248910290073676,0.2,0.0,0.7853981633974483
166.501133164,-0.4785774448561529,0.10885133993420726,4.257242139130193,0.2,0.0,0.7853981633974483
166.511939257,-0.47951082040045,0.10690206418914674,4.265818747204049,0.2,0.0,0.7853981633974483
166.522524101,-0.4804090129123688,0.10498508554771628,4.274219753794588,0.2,0.0,0.7853981633974483
166.533148268,-0.48129428594717255,0.1030534518786145,4.282651970366326,0.2,0.0,0.7853981633974483
166.543652434,-0.48215360742011837,0.10113640552018707,4.29098894423143,0.2,0.0,0.7853981633974483
166.554355924,-0.4830126090574244,0.09917561381418989,4.299484118088674,0.2,0.0,0.7853981633974483
166.565055716,-0.48385463739188345,0.09720827799189213,4.307976356907632,0.2,0.0,0.7853981633974483
166.575657174,-0.48467249650582633,0.09525207173006997,4.316390549741044,0.2,0.0,0.7853981633974483
166.586358893,-0.48548128806601515,0.0932704239827741,4.324884317986388,0.2,0.0,0.7853981633974483
166.596909622,-0.4862622806087211,0.09131012657026626,4.333258248094753,0.2,0.0,0.7853981633974483
166.607546549,-0.48703294117960527,0.08932723703107757,4.341700592056571,0.2,0.0,0.7853981633974483
166.618263788,-0.48779239860685475,0.0873228436346801,4.3502066782559945,0.2,0.0,0.7853981633974483
166.628919726,-0.4885306301875041,0.08532360009781095,4.358664110917855,0.2,0.0,0.7853981633974483
166.63943457,-0.48924259809014176,0.08334481777542513,4.367009559725843,0.2,0.0,0.7853981633974483
166.650061341,-0.4899452519939678,0.08133897432019234,4.375443843047094,0.2,0.0,0.7853981633974483
166.660633788,-0.4906275441939986,0.07933758910577145,4.3838350103543595,0.2,0.0,0.7853981633974483
166.671339361,-0.4913011833870475,0.0773052057836794,4.392331837452474,0.2,0.0,0.7853981633974483
166.681930507,-0.4919506973851037,0.07528901469401103,4.40073784583081,0.2,0.0,0.7853981633974483
166.692546809,-0.49258470246851027,0.07326262078353536,4.409163820088826,0.2,0.0,0.7853981633974483
166.703040195,-0.4931946642164958,0.07125453894859923,4.417492238055418,0.2,0.0,0.7853981633974483
166.713709934,-0.4937975640125846,0.06920753014329144,4.425960624330969,0.2,0.0,0.7853981633974483
166.72431483,-0.49437965398947126,0.06716798999275947,4.434377545845159,0.2,0.0,0.7853981633974483
166.734948268,-0.49494603084320005,0.06511810770161067,4.442817120648364,0.2,0.0,0.7853981633974483
166.745455716,-0.49548878512687855,0.06308791649720269,4.451156699379783,0.2,0.0,0.7853981633974483
166.756133788,-0.4960228479992865,0.06102015787642642,4.459631699412492,0.2,0.0,0.7853981633974483
166.766769413,-0.49653738393524727,0.058956202078396074,4.468073009999544,0.2,0.0,0.7853981633974483
166.777420768,-0.497035188595028,0.056884911404888376,4.476526805214042,0.2,0.0,0.7853981633974483
166.787922955,-0.4975089815912651,0.054838608038321336,4.484862208381251,0.2,0.0,0.7853981633974483
166.798559726,-0.4979713325590652,0.05276210437233871,4.4933044285285835,0.2,0.0,0.7853981633974483
166.809066288,-0.4984109042851674,0.05070728309057327,4.501643304057204,0.2,0.0,0.7853981633974483
166.819791393,-0.4988417481887735,0.048605976682366346,4.5101556333640245,0.2,0.0,0.7853981633974483
166.830371965,-0.4992493630333363,0.04652949160118054,4.5185532493424745,0.2,0.0,0.7853981633974483
166.841186913,-0.49964777343383215,0.04440351108328397,4.527136885475827,0.2,0.0,0.7853981633974483
166.85170108,-0.500017842407484,0.04233349725171353,4.5354817969606875,0.2,0.0,0.7853981633974483
166.86243082,-0.5003774957767065,0.04021790223548273,4.543997804986382,0.2,0.0,0.7853981633974483
166.873072486,-0.5007164625889715,0.03811673500976565,4.552443910210095,0.2,0.0,0.7853981633974483
166.883685715,-0.5010368598586702,0.03601840930058042,4.560867445481466,0.2,0.0,0.7853981633974483
166.894261809,-0.501338573189726,0.03392481916931655,4.56926150734918,0.2,0.0,0.7853981633974483
166.904870768,-0.5016235304543364,0.03182224936075155,4.5776816535958105,0.2,0.0,0.7853981633974483
166.915531288,-0.5018919861635451,0.029707113667935867,4.586142722911405,0.2,0.0,0.7853981633974483
166.926218111,-0.5021431100453337,0.027584552896293097,4.594624668460613,0.2,0.0,0.7853981633974483
166.936763424,-0.5023733703706423,0.025488097498889466,4.602994299983978,0.2,0.0,0.7853981633974483
166.947327434,-0.5025864222144661,0.023386064862833626,4.611378770991065,0.2,0.0,0.7853981633974483
166.957931184,-0.5027825108777404,0.021274399690833938,4.619794782944996,0.2,0.0,0.7853981633974483
166.968606705,-0.5029619066986984,0.019146845441396027,4.628267758293399,0.2,0.0,0.7853981633974483
166.979261497,-0.5031229912164518,0.017021984156354558,4.636724281395001,0.2,0.0,0.7853981633974483
166.989798059,-0.5032647105386728,0.014919442555124798,4.645086967401867,0.2,0.0,0.7853981633974483
167.00046207,-0.5033901283294705,0.012790331096777297,4.653550807463425,0.2,0.0,0.7853981633974483
167.010987799,-0.5034963595510573,0.010687867359441314,4.661904895506596,0.2,0.0,0.7853981633974483
167.021714517,-0.5035863742092149,0.008544413015775834,4.670418505023459,0.2,0.0,0.7853981633974483
167.032255195,-0.5036572037669038,0.006437467624514978,4.678784457827951,0.2,0.0,0.7853981633974483
167.042899986,-0.5037107540570416,0.004309183013900826,4.687233043309797,0.2,0.0,0.7853981633974483
167.053414257,-0.5037461033541811,0.0022066259484136907,4.695578037337632,0.2,0.0,0.7853981633974483
167.064145038,-0.5037639036031127,6.054356743619106e-05,4.7040948715869355,0.2,0.0,0.7853981633974483
167.074751913,-0.5037636397392479,-0.0020608314161551997,4.712513363799021,0.2,0.0,0.7853981633974483
167.085438215,-0.5037452468839768,-0.004198012671990123,4.720994895839609,0.2,0.0,0.7853981633974483
167.095954101,-0.5037095951294248,-0.006300887677067584,4.729341171664858,0.2,0.0,0.7853981633974483
167.106589517,-0.5036555871957366,-0.008427285119417588,4.737782316372262,0.2,0.0,0.7853981633974483
167.117198267,-0.5035838574621682,-0.010547822293770503,4.746202296739222,0.2,0.0,0.7853981633974483
167.127898945,-0.5034933433388105,-0.01268604295120171,4.754695238760979,0.2,0.0,0.7853981633974483
167.138410976,-0.5033869030928597,-0.014785753003526155,4.7630384549397835,0.2,0.0,0.7853981633974483
167.149038528,-0.5032613916892021,-0.01690755444288713,4.77147335812716,0.2,0.0,0.7853981633974483
167.159596288,-0.5031190462164054,-0.019014303031367537,4.779852868617938,0.2,0.0,0.7853981633974483
167.170331445,-0.5029560627017217,-0.0211551393647958,4.788373176022328,0.2,0.0,0.7853981633974483
167.18085759,-0.5027787210192339,-0.02325288555299242,4.796727594237469,0.2,0.0,0.7853981633974483
167.191499622,-0.5025815200479389,-0.025372136736901307,4.8051739899490125,0.2,0.0,0.7853981633974483
167.202057694,-0.5023682632585431,-0.02747295489087077,4.813553748068761,0.2,0.0,0.7853981633974483
167.212679569,-0.5021359078229721,-0.02958458461508477,4.821984145519958,0.2,0.0,0.7853981633974483
167.223316028,-0.5018853910668207,-0.03169707408422874,4.83042611803832,0.2,0.0,0.7853981633974483
167.234013215,-0.5016154155046589,-0.03381940902112222,4.838916289314091,0.2,0.0,0.7853981633974483
167.244535351,-0.5013324332624899,-0.035904723119935575,4.84726752565565,0.2,0.0,0.7853981633974483
167.255146653,-0.501029351966222,-0.03800523042372234,4.855689531500635,0.2,0.0,0.7853981633974483
167.265737486,-0.5007092439008021,-0.040099069140485485,4.864095291456326,0.2,0.0,0.7853981633974483
167.276459674,-0.5003671379854766,-0.042216042490101184,4.872605305590965,0.2,0.0,0.7853981633974483
167.287011497,-0.5000130322813215,-0.044296486648263106,4.880980103988124,0.2,0.0,0.7853981633974483
167.297586288,-0.49964066927201983,-0.046378407390519114,4.889373131687396,0.2,0.0,0.7853981633974483
167.308105247,-0.499252995753014,-0.04844617168569516,4.897721846499312,0.2,0.0,0.7853981633974483
167.318761497,-0.49884255992233356,-0.05053752746398897,4.906179526790167,0.2,0.0,0.7853981633974483
167.329443944,-0.49841335499702993,-0.05263046083330629,4.914657999184288,0.2,0.0,0.7853981633974483
167.340055559,-0.49796950098904835,-0.05470585200991407,4.923080253451942,0.2,0.0,0.7853981633974483
167.350673267,-0.4975079085536711,-0.056778618603266856,4.9315073436277,0.2,0.0,0.7853981633974483
167.361260924,-0.4970302703501125,-0.058841577879764816,4.939910582847422,0.2,0.0,0.7853981633974483
167.372001913,-0.4965278914557223,-0.06093020643324072,4.948435519008782,0.2,0.0,0.7853981633974483
167.382541497,-0.4960178062044864,-0.06297547567522473,4.956800603524502,0.2,0.0,0.7853981633974483
167.393150715,-0.4954870336073712,-0.06502986140166454,4.96522095533492,0.2,0.0,0.7853981633974483
167.403662382,-0.49494417793199097,-0.06706089892974362,4.9735638826132655,0.2,0.0,0.7853981633974483
167.414344101,-0.4943750627878746,-0.06912004263151669,4.982041777206469,0.2,0.0,0.7853981633974483
167.424980507,-0.4937910728834071,-0.07116559416969218,4.990483707659624,0.2,0.0,0.7853981633974483
167.435627538,-0.4931892177720459,-0.07320817616059071,4.998934070990522,0.2,0.0,0.7853981633974483
167.446234621,-0.4925725110117503,-0.07523797446647193,5.0073527282885815,0.2,0.0,0.7853981633974483
167.456885663,-0.49193604065480523,-0.07727087714790214,5.01580627508041,0.2,0.0,0.7853981633974483
167.467478215,-0.4912860910210449,-0.07928722329588263,5.02421339937649,0.2,0.0,0.7853981633974483
167.478204101,-0.49061060307031334,-0.08132327369992637,5.032726348549414,0.2,0.0,0.7853981633974483
167.488719257,-0.4899317511791101,-0.08331372599475897,5.041072044986396,0.2,0.0,0.7853981633974483
167.499366965,-0.4892273334046597,-0.08532338841048039,5.0495229456404,0.2,0.0,0.7853981633974483
167.509862069,-0.48851653556486446,-0.08729839594205473,5.057852727153708,0.2,0.0,0.7853981633974483
167.520591601,-0.4877726927326789,-0.08931125761603195,5.066368570093429,0.2,0.0,0.7853981633974483
167.531181392,-0.4870218661795069,-0.09129166323711059,5.074773503031835,0.2,0.0,0.7853981633974483
167.541853007,-0.48624836217201184,-0.09328089078032922,5.083243378255935,0.2,0.0,0.7853981633974483
167.552375142,-0.485469339803558,-0.09523581715944926,5.09159461380382,0.2,0.0,0.7853981633974483
167.563010559,-0.4846652792017133,-0.0972050734503163,5.100035759304897,0.2,0.0,0.7853981633974483
167.573640976,-0.48384501826012677,-0.09916655314979742,5.108472936392945,0.2,0.0,0.7853981633974483
167.584346549,-0.48300220399214894,-0.10113481020618574,5.11696976349106,0.2,0.0,0.7853981633974483
167.594832069,-0.4821606990535625,-0.10305567319587378,5.125291938350255,0.2,0.0,0.7853981633974483
167.605457694,-0.4812915648395757,-0.10499494161042935,5.133725312111224,0.2,0.0,0.7853981633974483
167.615938059,-0.4804184316867719,-0.10690050203162028,5.142043395536579,0.2,0.0,0.7853981633974483
167.626629726,-0.47951123074704044,-0.10883685328707696,5.150529185684353,0.2,0.0,0.7853981633974483
167.637198267,-0.478598453736213,-0.11074331610686924,5.158917252867338,0.2,0.0,0.7853981633974483
167.647770871,-0.4776693543145689,-0.11264278247359866,5.167308544782764,0.2,0.0,0.7853981633974483
167.658311809,-0.4767272265982443,-0.11452874385255615,5.175674703944717,0.2,0.0,0.7853981633974483
167.668982538,-0.4757573636201644,-0.1164297814901124,5.184143875966042,0.2,0.0,0.7853981633974483
167.679678371,-0.4747690781025593,-0.11832697032579728,5.192632972595558,0.2,0.0,0.7853981633974483
167.690345351,-0.4737674754458475,-0.12021062916191404,5.201099169100784,0.2,0.0,0.7853981633974483
167.700974517,-0.472753624571407,-0.12207912406386572,5.209535353291878,0.2,0.0,0.7853981633974483
167.711553267,-0.47172900453066013,-0.12393021883037725,5.217931523180615,0.2,0.0,0.7853981633974483
167.722218267,-0.4706802712436748,-0.12578759533845507,5.226396148194272,0.2,0.0,0.7853981633974483
167.732814309,-0.4696228365680568,-0.1276241345156669,5.234806042442663,0.2,0.0,0.7853981633974483
167.743439726,-0.4685469774422076,-0.12945675738965992,5.243239251117658,0.2,0.0,0.7853981633974483
167.754038736,-0.46745845209984666,-0.13127573322739391,5.251651501016043,0.2,0.0,0.7853981633974483
167.764684205,-0.46634975847677973,-0.13309337974400987,5.26010062461469,0.2,0.0,0.7853981633974483
167.775382173,-0.46522012822125564,-0.13491046429321374,5.268591415756565,0.2,0.0,0.7853981633974483
167.786057955,-0.4640775167427946,-0.13671416378640652,5.2770645982561035,0.2,0.0,0.7853981633974483
167.796560611,-0.4629386824694706,-0.13847918158237232,5.285400373660466,0.2,0.0,0.7853981633974483
167.807190298,-0.4617710441935284,-0.14025575994689152,5.293836971360202,0.2,0.0,0.7853981633974483
167.817689621,-0.46060314331846347,-0.14200087853436913,5.302170101420436,0.2,0.0,0.7853981633974483
167.828383944,-0.459398506995974,-0.14376824751329473,5.3106579995892105,0.2,0.0,0.7853981633974483
167.838913632,-0.4581979142506424,-0.1454984354322629,5.319015229821824,0.2,0.0,0.7853981633974483
167.849541861,-0.4569713976890027,-0.1472345308187834,5.327450670332329,0.2,0.0,0.7853981633974483
167.860057746,-0.4557435514934318,-0.14894208673685533,5.335796945363904,0.2,0.0,0.7853981633974483
167.870717173,-0.4544843464337711,-0.1506623593828229,5.344257147184401,0.2,0.0,0.7853981633974483
167.881408996,-0.4532067176129205,-0.15237708028100622,5.352743061146661,0.2,0.0,0.7853981633974483
167.89210884,-0.45191360378112344,-0.1540821676931284,5.361235341237108,0.2,0.0,0.7853981633974483
167.902599621,-0.45063188029977613,-0.15574332522839546,5.369561691660514,0.2,0.0,0.7853981633974483
167.913211444,-0.44932126213020457,-0.15741266986295305,5.3779841110141415,0.2,0.0,0.7853981633974483
167.92379259,-0.4480005002373918,-0.15906615528756982,5.386382182566396,0.2,0.0,0.7853981633974483
167.934558059,-0.44664240587649773,-0.16073690141385935,5.394926548078003,0.2,0.0,0.7853981633974483
167.945078371,-0.4453016524953624,-0.16235846206769056,5.403276336742478,0.2,0.0,0.7853981633974483
167.955709309,-0.4439330229189565,-0.16398558431048535,5.411713927339168,0.2,0.0,0.7853981633974483
167.966265663,-0.4425605061345963,-0.16558984802558083,5.420092321912202,0.2,0.0,0.7853981633974483
167.977010767,-0.44114957329864635,-0.1672108227111531,5.42862052407749,0.2,0.0,0.7853981633974483
167.987548788,-0.43975258466123385,-0.16878892860455816,5.436984368067284,0.2,0.0,0.7853981633974483
167.998233111,-0.43832268430037497,-0.17037687547921812,5.445464329409977,0.2,0.0,0.7853981633974483
168.008738371,-0.43690377909837225,-0.17192643268514354,5.4538021715638525,0.2,0.0,0.7853981633974483
168.019419205,-0.43544785635020644,-0.17348960175750724,5.462279363747931,0.2,0.0,0.7853981633974483
168.030084986,-0.43398082379253305,-0.17503820462729822,5.470744608627713,0.2,0.0,0.7853981633974483
168.040861705,-0.43248520314330335,-0.17659017942406569,5.479297903068661,0.2,0.0,0.7853981633974483
168.051426444,-0.43100629590390344,-0.17809927908371906,5.487682952670363,0.2,0.0,0.7853981633974483
168.062070923,-0.4295034339596001,-0.17960712632519557,5.496131290523238,0.2,0.0,0.7853981633974483
168.072644517,-0.4279980630665659,-0.1810923515867209,5.5045233681844365,0.2,0.0,0.7853981633974483
168.083329569,-0.42646415038256447,-0.18258027810627064,5.513003908121767,0.2,0.0,0.7853981633974483
168.09406285,-0.4249106375685123,-0.1840617404843195,5.521522726577587,0.2,0.0,0.7853981633974483
168.104598059,-0.4233736879154725,-0.1855030631098886,5.529884338731894,0.2,0.0,0.7853981633974483
168.115234517,-0.4218097382499287,-0.1869450863396149,5.538326310456559,0.2,0.0,0.7853981633974483
168.125800507,-0.4202441919843445,-0.18836447729263744,5.546712352955216,0.2,0.0,0.7853981633974483
168.136529882,-0.41864222096807485,-0.189792226702948,5.555228071286754,0.2,0.0,0.7853981633974483
168.147028267,-0.4170631524884107,-0.19117612924318145,5.563560456872702,0.2,0.0,0.7853981633974483
168.157730975,-0.4154414254595104,-0.19257324047177493,5.572055010070145,0.2,0.0,0.7853981633974483
168.168456132,-0.4138044381963204,-0.19395939789686642,5.5805673806484535,0.2,0.0,0.7853981633974483
168.17916035,-0.41215895251047363,-0.19532891904578492,5.589063132306638,0.2,0.0,0.7853981633974483
168.189694413,-0.4105284121615735,-0.19666308451608705,5.597423834900686,0.2,0.0,0.7853981633974483
168.200317694,-0.4088727762647662,-0.19799463764885958,5.6058553482696265,0.2,0.0,0.7853981633974483
168.210826965,-0.40722397858007076,-0.19929819327597786,5.6141963738844325,0.2,0.0,0.7853981633974483
168.221416392,-0.4055516245585807,-0.20059768186552018,5.6226010179223795,0.2,0.0,0.7853981633974483
168.232100611,-0.4038532429941498,-0.20189444764513728,5.631080896722074,0.2,0.0,0.7853981633974483
168.242797902,-0.40214182156176803,-0.20317831604584793,5.639571150540844,0.2,0.0,0.7853981633974483
168.253296809,-0.400451697496715,-0.20442433473451735,5.647903950429108,0.2,0.0,0.7853981633974483
168.264043371,-0.39871089031825624,-0.20568494338125407,5.656433309783649,0.2,0.0,0.7853981633974483
168.274544152,-0.39699968975967154,-0.20690250188608647,5.664767597033115,0.2,0.0,0.7853981633974483
168.285231392,-0.395247655687013,-0.208126863173016,5.673249873547967,0.2,0.0,0.7853981633974483
168.295753475,-0.3935126903585362,-0.20931785626088398,5.681601067824364,0.2,0.0,0.7853981633974483
168.306468319,-0.3917356910876761,-0.21051559950095727,5.690105253153944,0.2,0.0,0.7853981633974483
168.316977538,-0.38998305572328484,-0.2116757790728698,5.698446237497262,0.2,0.0,0.7853981633974483
168.327620715,-0.3881982181518899,-0.21283571161826323,5.706893541975369,0.2,0.0,0.7853981633974483
168.338314048,-0.3863951433618011,-0.2139858490567057,5.71538065439837,0.2,0.0,0.7853981633974483
168.348941184,-0.3845936534824051,-0.21511371207894853,5.723815227413778,0.2,0.0,0.7853981633974483
168.359442902,-0.3828041963177928,-0.2162133876193144,5.732150258343855,0.2,0.0,0.7853981633974483
168.370118475,-0.3809757084402984,-0.21731581513937062,5.740623274963723,0.2,0.0,0.7853981633974483
168.380673475,-0.37915880449422606,-0.21839060863151502,5.749000594890524,0.2,0.0,0.7853981633974483
168.391285975,-0.3773229653352959,-0.2194558320036399,5.757423551567257,0.2,0.0,0.7853981633974483
168.401916548,-0.3754750624040751,-0.2205073157406187,5.765860852469791,0.2,0.0,0.7853981633974483
168.412526392,-0.3736219911507216,-0.2215411815530708,5.774281701125523,0.2,0.0,0.7853981633974483
168.423044309,-0.3717764837747354,-0.22255071889559414,5.782629588920178,0.2,0.0,0.7853981633974483
168.433753996,-0.36988865819333966,-0.22356265288541188,5.791129681228547,0.2,0.0,0.7853981633974483
168.444418579,-0.36800032142503314,-0.224554377379418,5.799593975276561,0.2,0.0,0.7853981633974483
168.455004621,-0.36611768680618817,-0.2255230147217484,5.807995932698869,0.2,0.0,0.7853981633974483
168.465661809,-0.3642142191829437,-0.22648209618333695,5.81645435746401,0.2,0.0,0.7853981633974483
168.476239204,-0.36231707866405405,-0.22741810326184367,5.824849451912795,0.2,0.0,0.7853981633974483
168.486932173,-0.3603912476628016,-0.22834802712756036,5.833336275435337,0.2,0.0,0.7853981633974483
168.497448944,-0.3584895822903473,-0.22924678610629978,5.84168325366971,0.2,0.0,0.7853981633974483
168.508041809,-0.3565666143451365,-0.23013591255287655,5.850090626388435,0.2,0.0,0.7853981633974483
168.518563996,-0.35464916777656075,-0.23100312384615715,5.85844190320783,0.2,0.0,0.7853981633974483
168.52918259,-0.3527068462315112,-0.23186194196258467,5.866869696586387,0.2,0.0,0.7853981633974483
168.539814829,-0.35075484155980474,-0.2327054216646234,5.875308319764126,0.2,0.0,0.7853981633974483
168.550538371,-0.3487789051118793,-0.23353935767822706,5.883819408545021,0.2,0.0,0.7853981633974483
168.561062798,-0.3468328890653645,-0.23434158214422532,5.892172463213447,0.2,0.0,0.7853981633974483
168.571729986,-0.34485366255797645,-0.23513796046233662,5.90063882480467,0.2,0.0,0.7853981633974483
168.582273267,-0.3428909080463504,-0.23590869108770937,5.909006843564978,0.2,0.0,0.7853981633974483
168.592983059,-0.3408905728687144,-0.2366746186067622,5.917507019210018,0.2,0.0,0.7853981633974483
168.603488319,-0.33892224347245875,-0.2374095328157293,5.925844861363894,0.2,0.0,0.7853981633974483
168.614206236,-0.3369077639119785,-0.23814221411967915,5.934351485680119,0.2,0.0,0.7853981633974483
168.624702694,-0.3349289993314113,-0.23884329610955488,5.942682341839682,0.2,0.0,0.7853981633974483
168.6354041,-0.33290560041342954,-0.23954090662679756,5.951175861662358,0.2,0.0,0.7853981633974483
168.646172017,-0.3308637011143797,-0.24022542741779201,5.959722170108992,0.2,0.0,0.7853981633974483
168.656814934,-0.3288398623029105,-0.24088493007582867,5.968169268229637,0.2,0.0,0.7853981633974483
168.667381496,-0.32682512251555396,-0.24152282731615743,5.9765557647147265,0.2,0.0,0.7853981633974483
168.678047486,-0.3247860467255012,-0.2421494880135292,5.98502117547418,0.2,0.0,0.7853981633974483
168.6887091,-0.3227425799674946,-0.24275862193339745,5.993483113078547,0.2,0.0,0.7853981633974483
168.699404413,-0.3206875410932433,-0.24335225821263076,6.001971796993096,0.2,0.0,0.7853981633974483
168.709970142,-0.31865255460879127,-0.2439216571765925,6.010357632340594,0.2,0.0,0.7853981633974483
168.720651131,-0.31659056309938344,-0.244479807743968,6.018834947545485,0.2,0.0,0.7853981633974483
168.731139256,-0.3145613123826002,-0.24501100654767097,6.027159189947867,0.2,0.0,0.7853981633974483
168.741785715,-0.3124969443273892,-0.24553279970799388,6.035609099292288,0.2,0.0,0.7853981633974483
168.752469986,-0.3104208785160177,-0.24603885960456134,6.0440890193634935,0.2,0.0,0.7853981633974483
168.763093163,-0.3083525149187813,-0.24652460399472156,6.0525204501894585,0.2,0.0,0.7853981633974483
168.773621288,-0.3062987072752533,-0.24698885694731687,6.0608764398961466,0.2,0.0,0.7853981633974483
168.784358631,-0.3042001268652648,-0.24744446824086955,6.069398482290731,0.2,0.0,0.7853981633974483
168.794982694,-0.3021199592987628,-0.2478777481508436,6.0778306163194715,0.2,0.0,0.7853981633974483
168.805568944,-0.3000436411248955,-0.2482920552873484,6.0862327388277535,0.2,0.0,0.7853981633974483
168.816160663,-0.2979628390837716,-0.24868909851001889,6.094639201986242,0.2,0.0,0.7853981633974483
168.826710975,-0.2958869326975339,-0.249067220193429,6.103012801128963,0.2,0.0,0.7853981633974483
168.837351079,-0.2937902129343936,-0.24943086667023387,6.111457666620424,0.2,0.0,0.7853981633974483
168.847879933,-0.29171248131127564,-0.24977336041386794,6.11981423492175,0.2,0.0,0.7853981633974483
168.858519413,-0.2896100714538966,-0.250101711108125,6.128258605155269,0.2,0.0,0.7853981633974483
168.869078996,-0.287520791695044,-0.25041009692914606,6.136639562529456,0.2,0.0,0.7853981633974483
168.879694465,-0.2854179171198485,-0.2507024080725933,6.145064875649857,0.2,0.0,0.7853981633974483
168.890396704,-0.2832954270879533,-0.2509790899278711,6.1535590566101686,0.2,0.0,0.7853981633974483
168.901041756,-0.2811820287391438,-0.25123644707768067,6.162007849243172,0.2,0.0,0.7853981633974483
168.911548111,-0.2790941208546511,-0.2514730490246413,6.170346560479493,0.2,0.0,0.7853981633974483
168.922183058,-0.2769787118928047,-0.2516946992713187,6.178787332949743,0.2,0.0,0.7853981633974483
168.932704152,-0.27488419148457416,-0.2518964937652707,6.18713774227404,0.2,0.0,0.7853981633974483
168.943425038,-0.2727482244586111,-0.25208395237130155,6.195646723033912,0.2,0.0,0.7853981633974483
168.953989204,-0.270642006627553,-0.2522510169671164,6.204031317855507,0.2,0.0,0.7853981633974483
168.964611652,-0.26852282790915666,-0.2524011423147354,6.212462170086834,0.2,0.0,0.7853981633974483
168.975161913,-0.26641687576290307,-0.252532617956615,6.220835728751741,0.2,0.0,0.7853981633974483
168.98587259,-0.2642778453687962,-0.2526479134250314,6.229336606805905,0.2,0.0,0.7853981633974483
168.996479048,-0.2621587424951188,-0.25274425169877934,6.237754768052324,0.2,0.0,0.7853981633974483
169.007114725,-0.2600330621025106,-0.2528229147677707,6.246196119910885,0.2,0.0,0.7853981633974483
169.017616288,-0.25793361169296164,-0.2528830894763791,6.254531027820151,0.2,0.0,0.7853981633974483
169.028331392,-0.2557910259307201,-0.2529262681827518,6.263035419507215,0.2,0.0,0.7853981633974483
169.039041079,-0.25364923387852456,-0.25295122075071774,6.271535511815561,0.2,0.0,0.7853981633974483
169.049700142,-0.2515174321244811,-0.2529580209707719,6.279995424735599,0.2,0.0,0.7853981633974483
169.060267798,-0.24940392947169396,-0.2529470359791641,6.288382789509483,0.2,0.0,0.7853981633974483
169.070946496,-0.24726838950722926,-0.2529178349658963,6.296858286387507,0.2,0.0,0.7853981633974483
169.08147061,-0.24516407724843145,-0.25287147833890317,6.3052110926332645,0.2,0.0,0.7853981633974483
169.092208006,-0.24301759995462852,-0.25280588762601053,6.313733177093011,0.2,0.0,0.7853981633974483
169.102755506,-0.24090969739021126,-0.25272380821979806,6.322104544400245,0.2,0.0,0.7853981633974483
169.113360038,-0.23879116668768768,-0.2526234507585522,6.330521177013976,0.2,0.0,0.7853981633974483
169.123933371,-0.23667978287223057,-0.2525056661543873,6.338913047524017,0.2,0.0,0.7853981633974483
169.134551131,-0.2345605994817185,-0.25236952338343044,6.347340178971286,0.2,0.0,0.7853981633974483
169.145205038,-0.2324354326871161,-0.25221494178779286,6.355795999663786,0.2,0.0,0.7853981633974483
169.1558466,-0.23031410816945005,-0.25204261662209276,6.364242022344478,0.2,0.0,0.7853981633974483
169.166419725,-0.22820793710891618,-0.25185371888679386,6.372633727768545,0.2,0.0,0.7853981633974483
169.177065142,-0.22608904804683727,-0.2516456197114872,6.381082810095705,0.2,0.0,0.7853981633974483
169.18768936,-0.22397620489384276,-0.25142011109677725,6.389515067145258,0.2,0.0,0.7853981633974483
169.198372902,-0.22185356314781346,-0.2511753360886002,6.397994408621825,0.2,0.0,0.7853981633974483
169.209012173,-0.21974185101535304,-0.25091373454793375,6.406438612975673,0.2,0.0,0.7853981633974483
169.219537277,-0.2176550337935737,-0.25063749832415755,6.414792204967227,0.2,0.0,0.7853981633974483
169.23015884,-0.21555151645968249,-0.25034098719698256,6.423222354789452,0.2,0.0,0.7853981633974483
169.240966287,-0.21341385285198605,-0.2500209391902172,6.431800037509563,0.2,0.0,0.7853981633974483
169.251647329,-0.21130394888452841,-0.249686736293236,6.440277394779638,0.2,0.0,0.7853981633974483
169.263456079,-0.20897484593998128,-0.24929540199087802,6.449649794276135,0.2,0.0,0.7853981633974483
169.274404621,-0.20681864076244022,-0.24891382354629474,6.458339461643816,0.2,0.0,0.7853981633974483
169.28486285,-0.20476209416957306,-0.2485322501404879,6.466639976110951,0.2,0.0,0.7853981633974483
169.295455558,-0.20268242591490876,-0.24812827184718025,6.475047224221516,0.2,0.0,0.7853981633974483
169.305907225,-0.2006338253308678,-0.24771266461645286,6.483342530543393,0.2,0.0,0.7853981633974483
169.316568579,-0.19854778669390127,-0.24727105215102488,6.491804261790276,0.2,0.0,0.7853981633974483
169.327071392,-0.1964964666071609,-0.24681889162837373,6.500140161802799,0.2,0.0,0.7853981633974483
169.337729412,-0.19441878862651535,-0.24634245714016842,6.5085992469118565,0.2,0.0,0.7853981633974483
169.348419777,-0.19233893496451418,-0.24584691208873188,6.517084003684886,0.2,0.0,0.7853981633974483
169.359071548,-0.19027083820396856,-0.24533565402622567,6.525538129071331,0.2,0.0,0.7853981633974483
169.369582642,-0.18823433440851264,-0.24481414067627721,6.533880601569546,0.2,0.0,0.7853981633974483
169.380288735,-0.1861646384049141,-0.24426534604651254,6.5423778413826055,0.2,0.0,0.7853981633974483
169.390835871,-0.18413026906214341,-0.24370765035054,6.55074891978938,0.2,0.0,0.7853981633974483
169.401545402,-0.1820694643387588,-0.2431238301199235,6.559248888283263,0.2,0.0,0.7853981633974483
169.412103527,-0.18004268865137676,-0.24253125906624937,6.567628688468196,0.2,0.0,0.7853981633974483
169.422743371,-0.17800534144806734,-0.24191687515781937,6.576073347602174,0.2,0.0,0.7853981633974483
169.433220506,-0.17600425031825512,-0.24129522525432257,6.584388867432701,0.2,0.0,0.7853981633974483
169.444001912,-0.1739505939121341,-0.2406379247301502,6.592945881864032,0.2,0.0,0.7853981633974483
169.454592329,-0.1719388155611233,-0.23997533499602927,6.601351311647752,0.2,0.0,0.7853981633974483
169.465188944,-0.16993150682302463,-0.23929545147050504,6.609761660676272,0.2,0.0,0.7853981633974483
169.475705246,-0.16794511275079818,-0.23860411732552225,6.618108266673491,0.2,0.0,0.7853981633974483
169.48638311,-0.16593422300876512,-0.23788509463499893,6.626583101620226,0.2,0.0,0.7853981633974483
169.497031287,-0.16393505532130467,-0.23715114947740648,6.635034374511385,0.2,0.0,0.7853981633974483
169.507636496,-0.16195017803753847,-0.23640343262876637,6.643451544448243,0.2,0.0,0.7853981633974483
169.518285506,-0.15996351979871842,-0.2356358092827562,6.651903478477014,0.2,0.0,0.7853981633974483
169.528910298,-0.15798790844657726,-0.2348532442777817,6.66033619110037,0.2,0.0,0.7853981633974483
169.539570662,-0.15601239699070713,-0.23405131603148016,6.668797136601457,0.2,0.0,0.7853981633974483
169.550224152,-0.15404500619810632,-0.233233240584836,6.677252626328313,0.2,0.0,0.7853981633974483
169.560852329,-0.15208924412680178,-0.23240058184670823,6.685688025567307,0.2,0.0,0.7853981633974483
169.57141811,-0.1501519738236495,-0.23155653629217926,6.694073902186293,0.2,0.0,0.7853981633974483
169.582100871,-0.14820056083521252,-0.23068656925149164,6.702552623796757,0.2,0.0,0.7853981633974483
169.592673423,-0.146276572361202,-0.2298094018879889,6.710943874440695,0.2,0.0,0.7853981633974483
169.603423579,-0.14432794460449758,-0.22890084037285924,6.719476086290523,0.2,0.0,0.7853981633974483
169.613995975,-0.14241910369600486,-0.22799125328341383,6.727867213119953,0.2,0.0,0.7853981633974483
169.62460785,-0.14051089230815955,-0.22706216505298663,6.736289673745068,0.2,0.0,0.7853981633974483
169.635106808,-0.13863071050559256,-0.22612726337220623,6.744622514111146,0.2,0.0,0.7853981633974483
169.645843683,-0.13671613906239893,-0.22515482541554777,6.753144185062274,0.2,0.0,0.7853981633974483
169.656387225,-0.13484409904055134,-0.22418419815813845,6.761512410973739,0.2,0.0,0.7853981633974483
169.666998371,-0.1329683493500389,-0.22319151498820103,6.769934293004239,0.2,0.0,0.7853981633974483
169.677567069,-0.13110846239791288,-0.22218716663135085,6.778322484795384,0.2,0.0,0.7853981633974483
169.688242902,-0.12923838542619492,-0.2211567548060963,6.786795707772758,0.2,0.0,0.7853981633974483
169.698883006,-0.12738330599781109,-0.2201140885893238,6.795240573264198,0.2,0.0,0.7853981633974483
169.709560819,-0.12553058653158847,-0.2190519877475958,6.80371536773312,0.2,0.0,0.7853981633974483
169.720070819,-0.12371576822002049,-0.21799140371226122,6.812056971942564,0.2,0.0,0.7853981633974483
169.730682589,-0.1218924607540784,-0.2169051549442742,6.8204793492310065,0.2,0.0,0.7853981633974483
169.741178214,-0.12009812133950666,-0.2158158102646879,6.828809544252956,0.2,0.0,0.7853981633974483
169.752011496,-0.11825579190621537,-0.21467553739607992,6.837407731763245,0.2,0.0,0.7853981633974483
169.762561131,-0.11647106041759768,-0.21355013726329125,6.84578079358286,0.2,0.0,0.7853981633974483
169.773197121,-0.11468136178609248,-0.21240037635788958,6.854222393864068,0.2,0.0,0.7853981633974483
169.783732589,-0.11291816290050383,-0.21124669827063114,6.8625842115821625,0.2,0.0,0.7853981633974483
169.794451235,-0.11113435765069185,-0.21005774338769218,6.871091414493003,0.2,0.0,0.7853981633974483
169.805085975,-0.1093745359720105,-0.20886319935169037,6.879532022670953,0.2,0.0,0.7853981633974483
169.815715402,-0.10762572856180025,-0.20765445563364052,6.887968414013205,0.2,0.0,0.7853981633974483
169.826299829,-0.10589449738336641,-0.2064362428428893,6.8963690896381,0.2,0.0,0.7853981633974483
169.836919777,-0.10416782044505547,-0.20519934407111687,6.904797957662912,0.2,0.0,0.7853981633974483
169.847764308,-0.10241556543192316,-0.20392115923575296,6.9134050733088666,0.2,0.0,0.7853981633974483
169.858420506,-0.10070442533084373,-0.2026506546953913,6.9218627123282115,0.2,0.0,0.7853981633974483
169.868974464,-0.09902030221723615,-0.20137818838273483,6.930239205237728,0.2,0.0,0.7853981633974483
169.879662381,-0.09732579524280267,-0.20007515004655177,6.938722019075731,0.2,0.0,0.7853981633974483
169.890305298,-0.0956494433751244,-0.19876339103420473,6.947169117196353,0.2,0.0,0.7853981633974483
169.900971964,-0.09398054097176597,-0.19743452862210037,6.95563506448526,0.2,0.0,0.7853981633974483
169.911662173,-0.09231931490307407,-0.19608859003240303,6.96411969744378,0.2,0.0,0.7853981633974483
169.922199568,-0.09069298844614736,-0.19474824306577787,6.97248304458826,0.2,0.0,0.7853981633974483
169.932812016,-0.08906650642297925,-0.1933846014961438,6.980905959993527,0.2,0.0,0.7853981633974483
169.943329777,-0.08746587411876698,-0.19201971758722436,6.989253723973674,0.2,0.0,0.7853981633974483
169.954153579,-0.08583079441487362,-0.19060102031460838,6.997844387372849,0.2,0.0,0.7853981633974483
169.964700506,-0.0842491680654202,-0.1892053251987418,7.006215299899954,0.2,0.0,0.7853981633974483
169.975383058,-0.0826592463562132,-0.18777815119116836,7.014693855630748,0.2,0.0,0.7853981633974483
169.985923423,-0.08110232199543849,-0.18635689881802953,7.023059560012571,0.2,0.0,0.7853981633974483
169.996610662,-0.0795359828614646,-0.1849025038183475,7.031541835733749,0.2,0.0,0.7853981633974483
170.007242329,-0.07799005239515047,-0.1834425748059335,7.039980004925054,0.2,0.0,0.7853981633974483
170.017863318,-0.07645802371692606,-0.18197114542515666,7.048409699173453,0.2,0.0,0.7853981633974483
170.028444673,-0.07494407704059389,-0.18049244044894835,7.056807936605377,0.2,0.0,0.7853981633974483
170.039097329,-0.07343256960973985,-0.1789909383741451,7.065262764400924,0.2,0.0,0.7853981633974483
170.049780037,-0.0719296190937815,-0.17747240297609634,7.073741443946226,0.2,0.0,0.7853981633974483
170.060566495,-0.07042525391356294,-0.17592618421668263,7.082302468062074,0.2,0.0,0.7853981633974483
170.07107285,-0.06897256357649105,-0.1744079514940626,7.090641179298418,0.2,0.0,0.7853981633974483
170.081720766,-0.06751335589783834,-0.17285687523666324,7.0990922450383955,0.2,0.0,0.7853981633974483
170.092258891,-0.066082083841206,-0.17130976714718227,7.1074561715711875,0.2,0.0,0.7853981633974483
170.103021183,-0.06463391519472755,-0.16971732099892617,7.115998015553153,0.2,0.0,0.7853981633974483
170.113586131,-0.06322545903797067,-0.16814220947773223,7.124383231034526,0.2,0.0,0.7853981633974483
170.124308058,-0.061809730020372794,-0.16653158845078103,7.132893038018007,0.2,0.0,0.7853981633974483
170.134816912,-0.060435350124207275,-0.1649414562560426,7.141233732667168,0.2,0.0,0.7853981633974483
170.145459829,-0.05905708991460718,-0.16331933847813637,7.149680830787814,0.2,0.0,0.7853981633974483
170.156126079,-0.0576896197412577,-0.16168202943965668,7.158146447904728,0.2,0.0,0.7853981633974483
170.16675311,-0.0563409850404128,-0.1600393073211332,7.166580937583463,0.2,0.0,0.7853981633974483
170.177407277,-0.05500288116300425,-0.15838101633586965,7.175036964633424,0.2,0.0,0.7853981633974483
170.18805561,-0.05367956479870636,-0.15671239006640664,7.1834883613390685,0.2,0.0,0.7853981633974483
170.198608995,-0.052381945748226896,-0.15504771526387942,7.191864399468456,0.2,0.0,0.7853981633974483
170.209284725,-0.051083598941765056,-0.15335268015761508,7.200337540696507,0.2,0.0,0.7853981633974483
170.219814152,-0.04981706089444582,-0.15167023114126382,7.2086945637779625,0.2,0.0,0.7853981633974483
170.230515506,-0.04854441193843463,-0.14994943954084014,7.21718804232915,0.2,0.0,0.7853981633974483
170.241140506,-0.04729529575867585,-0.14823033111800327,7.225620920038502,0.2,0.0,0.7853981633974483
170.251854204,-0.046050537341649794,-0.14648622404655778,7.234124195807824,0.2,0.0,0.7853981633974483
170.262559308,-0.044821628963512765,-0.14473301149122925,7.242620650668784,0.2,0.0,0.7853981633974483
170.273094152,-0.0436267339697049,-0.14299763156799886,7.250981973128936,0.2,0.0,0.7853981633974483
170.28376811,-0.04243099931330239,-0.14122914243687051,7.259453707951414,0.2,0.0,0.7853981633974483
170.29436686,-0.04125850334597573,-0.13946318851077547,7.267865751492292,0.2,0.0,0.7853981633974483
170.305036756,-0.04009323432365351,-0.13767544822436767,7.276334262376003,0.2,0.0,0.7853981633974483
170.31553837,-0.03896104891305764,-0.13590640552837338,7.284669210763104,0.2,0.0,0.7853981633974483
170.326169985,-0.03783000083880082,-0.13410585568067576,7.2931073386828995,0.2,0.0,0.7853981633974483
170.336696027,-0.036725116117035383,-0.13231389246704,7.301461675148716,0.2,0.0,0.7853981633974483
170.347354047,-0.03562176636128276,-0.13049006272462552,7.309920760257796,0.2,0.0,0.7853981633974483
170.357989308,-0.03453617383739094,-0.12866089899942904,7.318361781944366,0.2,0.0,0.7853981633974483
170.36862712,-0.03346580685787874,-0.12682219394013136,7.326804828315309,0.2,0.0,0.7853981633974483
170.379183891,-0.03241891989532928,-0.12498866067196102,7.3351835538539865,0.2,0.0,0.7853981633974483
170.38981535,-0.031380244489163205,-0.12313332506367634,7.343621557959296,0.2,0.0,0.7853981633974483
170.400413787,-0.030360389953258238,-0.12127510779992279,7.352033353077529,0.2,0.0,0.7853981633974483
170.411124777,-0.02934570654397549,-0.11938846266897309,7.360534479554339,0.2,0.0,0.7853981633974483
170.421620975,-0.02836680713468006,-0.11753143201637525,7.3688651293564185,0.2,0.0,0.7853981633974483
170.432265193,-0.02739004795752618,-0.11563989386367643,7.377313260058134,0.2,0.0,0.7853981633974483
170.442875714,-0.02643229424445469,-0.11374621119206892,7.385734646036994,0.2,0.0,0.7853981633974483
170.453646808,-0.025476515573377767,-0.11181562947398674,7.394283476013271,0.2,0.0,0.7853981633974483
170.464234881,-0.024552958458995657,-0.10991002357280617,7.402687045404963,0.2,0.0,0.7853981633974483
170.474855297,-0.023642724782925537,-0.10799085602007252,7.411116284873232,0.2,0.0,0.7853981633974483
170.48541462,-0.02275375028328233,-0.10607521084736611,7.419497035889935,0.2,0.0,0.7853981633974483
170.496074047,-0.021872740476797225,-0.10413388215813894,7.427957237710433,0.2,0.0,0.7853981633974483
170.506782277,-0.021004303597434024,-0.10217621390843908,7.436456173623244,0.2,0.0,0.7853981633974483
170.517414412,-0.020158470993520833,-0.10022525030230245,7.444894714257985,0.2,0.0,0.7853981633974483
170.527945349,-0.01933686958419996,-0.09828592142660354,7.453252935800181,0.2,0.0,0.7853981633974483
170.538559047,-0.018525305637273313,-0.0963244456124602,7.461676843308706,0.2,0.0,0.7853981633974483
170.54907837,-0.017737216562258587,-0.09437376320238904,7.470025847021081,0.2,0.0,0.7853981633974483
170.559792277,-0.016951472760193095,-0.09238024400114654,7.478529288670073,0.2,0.0,0.7853981633974483
170.570407485,-0.01618963573107247,-0.0903986007496043,7.486954394639317,0.2,0.0,0.7853981633974483
170.581027433,-0.015444195864039953,-0.0884097188462361,7.495383262664129,0.2,0.0,0.7853981633974483
170.591561183,-0.014721325085032443,-0.08643086731078341,7.503743716835509,0.2,0.0,0.7853981633974483
170.602171964,-0.014009980682835255,-0.08443148338600594,7.512165309171853,0.2,0.0,0.7853981633974483
170.612890402,-0.013308626179252358,-0.08240577403205214,7.5206723469967205,0.2,0.0,0.7853981633974483
170.623418214,-0.012636394298518507,-0.0804104050639632,7.5290280882807625,0.2,0.0,0.7853981633974483
170.634105922,-0.011971160016636406,-0.07837901454465271,7.537510736239095,0.2,0.0,0.7853981633974483
170.644621391,-0.011333349647488914,-0.076374968271586,7.5458566810987,0.2,0.0,0.7853981633974483
170.655318995,-0.01070182522986237,-0.07433077499217854,7.5543471833401155,0.2,0.0,0.7853981633974483
170.665904047,-0.010093960011616308,-0.07230291086700555,7.56274835501665,0.2,0.0,0.7853981633974483
170.676517433,-0.009501616847883386,-0.07026455661129605,7.571172014896181,0.2,0.0,0.7853981633974483
170.687083891,-0.008928932216873384,-0.06823034086560063,7.579558428838295,0.2,0.0,0.7853981633974483
170.697699256,-0.008370835186676218,-0.06618193498096259,7.5879836594157215,0.2,0.0,0.7853981633974483
170.708390506,-0.007826274488815467,-0.06411419062808622,7.596469118597852,0.2,0.0,0.7853981633974483
170.719048891,-0.007300845046624891,-0.062048283869878665,7.604928493401066,0.2,0.0,0.7853981633974483
170.729566704,-0.006799381625580947,-0.06000536682567948,7.613276298652723,0.2,0.0,0.7853981633974483
170.740170401,-0.0063111746863043,-0.05794158641411702,7.621692268541469,0.2,0.0,0.7853981633974483
170.750674204,-0.005844626599830018,-0.05589328761230012,7.630028954299788,0.2,0.0,0.7853981633974483
170.761421964,-0.00538513824763686,-0.05379341993673305,7.6385592644860765,0.2,0.0,0.7853981633974483
170.771981599,-0.004950999211662671,-0.05172659654060886,7.646940263131751,0.2,0.0,0.7853981633974483
170.782696704,-0.0045283199073762005,-0.049625672645706616,7.65544465561249,0.2,0.0,0.7853981633974483
170.793215714,-0.004130609335406867,-0.047559804993564235,7.663793410902242,0.2,0.0,0.7853981633974483
170.803927797,-0.003743499713532271,-0.04545265169382625,7.672295404874127,0.2,0.0,0.7853981633974483
170.814533683,-0.00337780272958614,-0.043363235883189466,7.6807131121341135,0.2,0.0,0.7853981633974483
170.825169204,-0.0030287832863685007,-0.04126496094746262,7.689154340178167,0.2,0.0,0.7853981633974483
170.835686651,-0.002700971357599327,-0.03918717197952596,7.697501854941994,0.2,0.0,0.7853981633974483
170.846411287,-0.0023847480299264475,-0.0370656829976247,7.70601381201166,0.2,0.0,0.7853981633974483
170.856948579,-0.0020914919705635393,-0.03497872784923618,7.714377077406839,0.2,0.0,0.7853981633974483
170.867617276,-0.0018124810875429238,-0.03286330903626598,7.722844636665107,0.2,0.0,0.7853981633974483
170.878111391,-0.0015553762374734992,-0.030780293174252453,7.731173633226315,0.2,0.0,0.7853981633974483
170.888794204,-0.0013116364688103572,-0.028657679062153694,7.739652396108267,0.2,0.0,0.7853981633974483
170.899370089,-0.0010879833354886699,-0.026554359538806926,7.748046292096333,0.2,0.0,0.7853981633974483
170.910080141,-0.0008796067100500568,-0.024422508761738952,7.756546674098858,0.2,0.0,0.7853981633974483
170.920662068,-0.0006914205212248037,-0.022314506598630005,7.764945365517238,0.2,0.0,0.7853981633974483
170.931257433,-0.0005207512618366113,-0.020202317595905774,7.7733547224425,0.2,0.0,0.7853981633974483
170.941781808,-0.0003687561460130816,-0.018102937627824438,7.781707735839415,0.2,0.0,0.7853981633974483
170.952432745,-0.0002328989295299925,-0.015977086933195273,7.790161199294572,0.2,0.0,0.7853981633974483
170.963120089,-0.00011467588012567478,-0.013842890086239824,7.798643558352422,0.2,0.0,0.7853981633974483
170.973736703,-1.510340276966462e-05,-0.011721903279411246,7.807069780239409,0.2,0.0,0.7853981633974483
170.984524203,6.761644803744721e-05,-0.009565989627081863,7.815631631372564,0.2,0.0,0.7853981633974483
170.995099412,0.00013096652441639057,-0.0074518967758650445,7.824024990831177,0.2,0.0,0.7853981633974483
171.005722485,0.00017669594858934026,-0.005327774364537909,7.8324563391141435,0.2,0.0,0.7853981633974483
171.016432381,0.00020459451736564845,-0.0031859768570512686,7.84095659730216,0.2,0.0,0.7853981633974483
171.027068735,0.0002143440790625129,-0.0010587283989273552,7.8493984864838495,0.2,0.0,0.7853981633974483
171.037599672,0.00020639308454625775,0.0010474439932580066,7.857756708026046,0.2,0.0,0.7853981633974483
171.048257433,0.00018031642433421737,0.003178836680943889,7.8662155875713164,0.2,0.0,0.7853981633974483
171.058827537,0.00013672151141346474,0.0052924079303718445,7.8746048952802274,0.2,0.0,0.7853981633974483
171.069532589,7.438479528304662e-05,0.0074325106537762725,7.8831013088696995,0.2,0.0,0.7853981633974483
171.080056339,-4.466344974007471e-06,0.00953578311833807,7.891453826214997,0.2,0.0,0.7853981633974483
171.090738891,-0.00010260605086511002,0.011670038325062084,7.899932381945791,0.2,0.0,0.7853981633974483
171.101284776,-0.00021712196604146774,0.01377610426004597,7.908302467455612,0.2,0.0,0.7853981633974483
171.112027641,-0.0003520650155097646,0.015920435463411483,7.916828892565543,0.2,0.0,0.7853981633974483
171.122603839,-0.0005026302153104049,0.018030309555866597,7.925223036976255,0.2,0.0,0.7853981633974483
171.133243943,-0.0006720248460398833,0.020151577569182174,7.933667902467716,0.2,0.0,0.7853981633974483
171.143734255,-0.0008564417292205906,0.022241519254371768,7.941993880653968,0.2,0.0,0.7853981633974483
171.154428891,-0.0010625288389624907,0.024370494986997053,7.950482027245411,0.2,0.0,0.7853981633974483
171.165077485,-0.0012856369669552734,0.026488495206614445,7.958933631102213,0.2,0.0,0.7853981633974483
171.175799099,-0.0015284134860855346,0.028619030311309645,7.967443189663026,0.2,0.0,0.7853981633974483
171.186405349,-0.0017863108823147253,0.030724544617966837,7.9758611858234945,0.2,0.0,0.7853981633974483
171.19707311,-0.002063624834852921,0.03283999775189223,7.984328002194824,0.2,0.0,0.7853981633974483
171.208754985,-0.0023887662526785574,0.035153638000301635,7.993599703210456,0.2,0.0,0.7853981633974483
171.219508578,-0.0027062373251062633,0.037280796342911926,8.002134642947388,0.2,0.0,0.7853981633974483
171.230089568,-0.003036178571991985,0.039371115158027575,8.010532590685179,0.2,0.0,0.7853981633974483
171.240723058,-0.0033854738992461315,0.04146893239447628,8.018972206759848,0.2,0.0,0.7853981633974483
171.251221547,-0.0037475805324989637,0.043537170687684014,8.027304674888795,0.2,0.0,0.7853981633974483
171.261990818,-0.004137146987292181,0.04565550160898645,8.035852057981662,0.2,0.0,0.7853981633974483
171.272605141,-0.0045386834482346915,0.047740045343353736,8.044276461541827,0.2,0.0,0.7853981633974483
171.283227693,-0.004958104996959982,0.04982274311407077,8.05270739631613,0.2,0.0,0.7853981633974483
